test_idx,text,label_name,pred,oov_rate,error_type,notes
283,   Tumeamua kumuenzi kwa kupambana na vitendo vya rushwa wizi ubadhirifu wa mali za umma mambo ambayo,positive,negative,0.0625,mixed,"'We will honour him by fighting corruption, theft, misuse of public assets': positive commitment expressed with negative-topic words (rushwa, wizi), which pull the model to negative"
160,   Demokrasia ni kupishana mitazamoas u did enzi za JPMKuna wanaosifia na wanaokosoaMarekani kuandamana sio kosa Tuesh,neutral,negative,0.5,slang_spelling,"Argument about democracy; merged words (mitazamoas, JPMKuna) and English 'as u did': 50% OOV"
215,Huwa inauma aisee upost kitu ucpate like Wala comments Unahis Kama ujumbe ujafika Hio ndo changmoto aisee But lengo ni ufurah na ujumbe ufike Kwanza nkimlza kuandika najilike mwenyewe,negative,neutral,0.2758620689655172,mixed,"'It hurts when you post and get no likes... but the goal is to be happy, I like my own post': starts negative, ends positive; also heavy slang spelling (ucpate, nkimlza)"
506,Droo ya saba ya imefanyika leo na kushuhudia washindi wengine 20 wa Tsh 100000 kila mmoja Mpaka sasa jumla ya Watanzania 140 washajishindia vitata vya fedha na wengine 6 wamejishindia Samsung Galaxy S9 Endelea kutumia na na wewe ushinde,neutral,positive,0.1794871794871795,label_noise,"Promotional draw announcement ('20 more winners of Tsh 100,000'): ads are labelled inconsistently in the data (neutral here, positive in #44)"
724,Makamu Mkuu wa Shule hiyo iliyopo Wilaya ya Ikungi Raphael Malan ameagiza wanafunzi 212 wanaotarajiwa kuanza kidato cha kwanza shuleni hapo kuripoti wakiwa na viti ndoo ndogo na vigoda Amedai shule hiyo inakabiliwa na upungufu wa madawati 392,positive,neutral,0.2894736842105263,label_noise,School ordered pupils to bring their own chairs because of a shortage of 392 desks: gold 'positive' looks wrong (neutral or negative)
535,   Leo Oktoba 3 ndio siku ya uteuzi wa Waandikishaji wa Wapiga kura,positive,neutral,0.1666666666666666,label_noise,"'Today, 3 October, is the day voter registrars are appointed': pure information; gold 'positive' looks wrong"
619,Kunawa mikono na maji tiririka mara kwa mara bado ni njia effective ya kupambana na magonjwa ya mlipuko ikiwemo Uviko 19 Huu utamaduni ni wa kutunza uwe endelevu,positive,neutral,0.1071428571428571,code_switch,'Hand-washing with running water is still an effective way to fight epidemics': the positive evaluation is the English word 'effective'
640,Ijumaa Kareem Pata Mawaidha na Mafunzo ya Dini ya Kiislam kupitia Islam Chanel DStv namba 347 kifurushi DStv Bomba sh 19000tu,neutral,positive,0.1428571428571428,label_noise,"'Jumma Kareem' + advert for an Islamic TV channel package: promotional tweet, positive vs neutral is debatable"
44,Chukua chako mapema Ngoja ngoja ya nini wakati umeshashinda Cheza ulipwe Papo Hapo baada ya mechi kuisha,positive,neutral,0.1764705882352941,label_noise,Betting advert ('play and get paid instantly'): ad labelled positive here but neutral in #506; debatable
62,   Tanzania inasema tupo vizuri lakini kiuhalisia hali ni mbaya pesa za Corona takribani TZS 154 Bilioni zilizokusanyw,negative,neutral,0.1176470588235294,model_error,'Tanzania says we are fine but in reality the situation is bad; Covid money ~154bn...': explicit negative opinion (hali ni mbaya) missed
192,Klabu ya Simba imetozwa faini ya milioni tatu kwa kuingia uwanjani wakitumia mlango usio rasmi lakini vilevile kutotumia njia maalum iliyowekwa kwa ajili ya kuingia kwenye eneo la kuchezea Adhabu imetolewa kwa kuzingatia Kanuni ya 14 49 ya Ligi Kuu kuhusu Taratibu za Mchezo,negative,neutral,0.1363636363636363,news_vs_opinion,News: 'Simba club fined 3 million for entering through an unofficial gate': annotator labelled the negative event as negative; model treated it as neutral news
691,Ni kijana msikivu sana darasani huwa makini mwalimu akifundisha Lakink baada ya matokeo yy huwa wa mwisho Wanafunzi wenzake darasani walipenda kumuita Empty heard mtu mjinga mpk mda mwingine wanamuuliza lini utapokea mafao yako Hali hii ilimuumiza sana moyo lkn,positive,negative,0.25,missing_context,"Story of a pupil called 'empty head', which 'hurt him deeply, but...': text is cut off before the (positive) turn the label refers to"
33,   Nataka kuongea hapa na Rais wetu aliyopo Ikulu anayeitwa kupitia tweets tatu Wana mmelala Can i speak,positive,neutral,0.1764705882352941,label_noise,"'I want to speak to our President via three tweets. Guys, are you asleep? Can I speak': no clear positive sentiment"
566,What a joy Nahodha wa Taifa Stars akisaini mkono wa kijana mdogo kama kumbukumbu kwa kijana huyo kwamba aliwahi kuonana na Samatta,positive,neutral,0.1818181818181818,code_switch,'What a joy! Taifa Stars captain signs a young fan's hand': positivity carried by the English phrase 'What a joy'
146,WAZIRI MPINA NITALAANIWA,negative,neutral,0.3333333333333333,missing_context,Headline quote 'MINISTER MPINA: I WILL BE CURSED': needs the story behind it; 3 words only
382,   Museveni aliwahi kushikiliwa katika Gereza la Ukonga Dar es Salaam kwa wiki mbili mpaka,neutral,negative,0.2142857142857142,news_vs_opinion,'Museveni was once held in Ukonga prison for two weeks': historical fact; model reacted to the negative word gereza (prison)
692,   Mambo Haya Ndo Alikua Hatak Manara Dada Babra Kahusikaje kwenye Iyo Picha Ila wamesahau na Mo Hapo ,negative,neutral,0.2941176470588235,missing_context,"Gossip about sports figures (Manara, Mo) and a photo: meaning depends on the image and the thread"
329,   1Jina langu 2Bongo DSM 3Zari la mentari 4Msinitenge 5Nikusaidiaje,positive,neutral,0.1111111111111111,label_noise,Twitter list game '1 My name 2 Bongo DSM 3 ... 5 How can I help': no sentiment; gold 'positive' debatable
116,   Je unafahamu kwamba uwezeshaji wanawake kiuchumi huchangia kuboresha elimu afya na maeneo mengine muhimu kwa ustawi wa,neutral,positive,0.1176470588235294,news_vs_opinion,"'Did you know women's economic empowerment improves education and health...': informative, but uses positive vocabulary"
336,Eeeh mchezo wa kuloweka sio mzuri jamaa fanya vurugu mechi ila usiache zanaa,positive,neutral,0.3076923076923077,slang_spelling,Sheng about a football match ('mchezo wa kuloweka sio mzuri... usiache zanaa'): meaning unclear; gold 'positive' questionable
372,   Kipindi nipo chuo Dar es salaam nilikuwa kwenye mahusiano na msichana mmoja wa huku nyumbani Tulikuwa tunapendana sana,positive,neutral,0.0555555555555555,model_error,'At college in Dar I was in a relationship... we loved each other very much': clear positive (tunapendana sana) missed
592,   Dkt Grace ametoa pongezi hizo wakati wa ziara ya usimamizi shirikishi na wataalam kutoka Ofisi ya Rais TAMISEMI Wizara,neutral,positive,0.0526315789473684,news_vs_opinion,"News: 'Dr Grace gave those congratulations during a supervision visit': reporting praise, not expressing it"
487,Baraza la Mitihani Tanzania  NECTA limefuta matokeo ya mtihani wa kumaliza elimu ya msingi uliofanyika kwa baadhi ya shule ambazo zimebainika kufanya udanganyifu kwa kuwapatia majibu ya mitihani watahiniwa Soma zaidi gtgt,negative,neutral,0.1290322580645161,news_vs_opinion,"News: 'NECTA cancelled exam results of schools caught cheating': annotator negative, model neutral news"
548,Habari Renatus karibu sana Tunaomba tukuhudumie Je umepata changamoto ganiYN,neutral,positive,0.2,label_noise,"Customer-service template 'Hello Renatus, welcome, how can we help?': identical templates carry both labels in the data"
354,Pole sana mteja wetutunaomba usichoke kwenda kufanya usajili kwa maelekezo ya TCRA,neutral,positive,0.1666666666666666,label_noise,"Customer-service template 'Sorry dear customer, please register as TCRA instructs': positive vs neutral debatable"
365,Anatakiwa achapike mtu offline uko aje atoe ushahidi humu ndo heshima itakuwepo,negative,neutral,0.5,slang_spelling,"'He should get beaten (achapike) offline, then come with evidence': slang + English 'offline', 50% OOV"
213,Waziri Wa Afya Maendeleo ya Jamii Jinsia Wazee na Watoto Ummy Mwalimu amekagua utoaji Huduma za Afya katika Hospitali Teule ya Rufaa ya Mkoa wa Njombe na kubaini,neutral,positive,0.1428571428571428,news_vs_opinion,News: 'Health Minister inspected services at Njombe referral hospital and found...': truncated news report
385,   Naanza kampeni Rasmi kuhakikisha salamu zinawafikia wampe fursa Naomba tutumie hashtags hizi,neutral,positive,0.1666666666666666,missing_context,'I am starting a campaign... please use these hashtags': the hashtags themselves were removed from the data
672,   Juma Hamad Omari Mbunge wa Jimbo la Ole Wilaya ya Chakechake Mkoa wa Kusini Pemba Zanzibar kwa tiketi ya Chama cha Wa,neutral,positive,0.0909090909090909,model_error,"'Juma Hamad Omari, MP for Ole constituency...': plain description, model predicted positive"
738,Nzuri Sana,positive,neutral,0.0,model_error,"'Nzuri sana' (very good): the clearest possible positive, predicted neutral"
305,   Rais Dkt akiwa na Mkewe Mama Janeth Magufuli Mbunge wa Mtwara Vijijini Hawa Ghasia na Viongozi mbalim,neutral,positive,0.1764705882352941,model_error,Photo caption: 'President with his wife and various leaders': neutral description predicted positive
19,Swali zuri sana Nawatafuta wajuzi wa mambo watuambie,neutral,positive,0.375,label_noise,"'Very good question, I am looking for experts to tell us': 'swali zuri sana' is a polite phrase; positive vs neutral debatable"
11,Tafadhali tunaomba namba uliyofanya swap na namba mpya kwa msaada zaidiSuzy,positive,neutral,0.0909090909090909,label_noise,Customer-service template 'Please send the number you swapped... Suzy': gold 'positive' debatable
174,   imebaki siku moja kwenda mazinyungu kwa lengo la kuwasilisha Mahitaji napenda kuwakumbusha wale wote mlioweka ahadi na,neutral,positive,0.1176470588235294,label_noise,Charity drive reminder 'one day left... I remind those who pledged': positive vs neutral debatable
612,   Kuelekea Mkutano Mkuu wa Wataalam wa Maendeleo ya Jamii nchini wataalam hao watashiriki zoezi la kuamsha Ari katika sh,neutral,positive,0.1578947368421052,news_vs_opinion,Event announcement: 'experts will take part in an exercise to raise morale': informative with positive words
293,Machungu boss Wangu,negative,neutral,0.3333333333333333,missing_context,"'Machungu boss wangu' (bitterness, my boss): 3 words, reply without the original tweet"
241,   Tatizo ni vyote viwili Lugha jumlisha ufundishaji mbovu mazingira duni a ukosefu wa nyenzo za kujifunzia Elim,negative,neutral,0.2941176470588235,model_error,"'The problem is both language and poor teaching (ufundishaji mbovu), poor environment, lack of materials': clear negative missed"
18,Wasanii mnaleta trafficme siwahafikinyie wanafikinawameza ka meli Atlantichajaelewa nini sasa,negative,neutral,0.5,slang_spelling,"Garbled run-together words ('siwahafikinyie wanafikinawameza ka meli'): 50% OOV, hard even for a human"
384,Laini ni bureyawezekana hiyo buku uliyotoa walikuwekea vocha kwa sababu ukipewa laini lazima uweke salio ili waiwezeshe kwa salio iwe hewani,positive,neutral,0.2857142857142857,label_noise,Explains SIM registration fees: informational; gold 'positive' debatable
260,   42 ya biashara zinazofanikiwa huwa wanapatia TIMING yani wanapatia MUDA sahihi wa kuanza au kufanya jambo TIMING haipo kw,positive,neutral,0.1578947368421052,model_error,Motivational business advice ('42% of successful businesses get TIMING right'): motivational tweets are labelled positive and the model misses them
157,DKT KALEMANI ATANGAZA NEEMA NYAMAGANA Veronica Simba  Mwanza Waziri wa Nishati Dkt Medard Kalemani ameliagiza Shirika la Umeme Tanzania TANESCO kuwaunganishia umeme wananchi wa mitaa 14 ya Kata ya,positive,neutral,0.1379310344827586,news_vs_opinion,"Headline 'Kalemani announces a blessing (NEEMA) for Nyamagana: electricity for 14 streets': positive news labelled positive, model said neutral"
729,   SABABU INAYOFANYA MTU AJIUMIZE AU KUUMIZA WATU WENGINE NI UKOSEFU WA MAARIFA UNAWARENESS,positive,neutral,0.3076923076923077,label_noise,'People hurt themselves or others because of lack of knowledge': gold 'positive' looks wrong
518,Habari Andrew tunapenda kukufahamisha kuwa tuna vifurushi vya gharama ujazo na muda tofauti kulingana na matumizi ya mteja bonyeza 14901 au 14903 kisha chagua kifurushi kulingana na matumizi yako AT,positive,neutral,0.0333333333333333,label_noise,Customer-service bundle information 'dial 14901...': gold 'positive' debatable
570,   Kuna video zinasambaa kwenye magroup ya Whatsapp ya Mdada inaonekana kabisa karekodiwa bila ridhaa yake,negative,neutral,0.2,news_vs_opinion,"'Videos circulating of a woman clearly recorded without her consent': negative event, model treated as neutral report"
134,kufanikiwa huna haja ya uso mzuri na mwili wa kishujaa lakini unahitaji akili ya ustadi na uwezo wa kutenda,positive,neutral,0.2105263157894736,model_error,"Motivational: 'To succeed you need a skilful mind, not a pretty face': labelled positive, model missed"
555, Maisha ni safarimafanikio yapo kwenye kilima,positive,neutral,0.3333333333333333,model_error,"Proverb 'Life is a journey; success is on the hill' (merged safarimafanikio): motivational, missed"
221,   Utabiri wa hali ya hewa wa saa 24 zijazo kuanzia saa 3 usiku wa leo 01072018 kama unavyoletwa kwenu na,neutral,positive,0.0,model_error,"'Weather forecast for the next 24 hours...': clearly neutral, predicted positive"
425,   Wanawake wenzangu Huyu ndo Rais tunapaswa kwenda Naye na Kumuunga Mkono vifo vya Wanawake Vimepungua kutokana na Jitiha,positive,neutral,0.2222222222222222,model_error,"'Fellow women, this is the President we should support; maternal deaths have fallen': clear positive missed"
641,   Tuache uchochezi wa fikra watanzania wengi wepes kuamini maneno ya hovyowizara haiwez kukaa open hata kama na,neutral,negative,0.2941176470588235,label_noise,"'Stop the incitement, many Tanzanians believe nonsense (hovyo)': contains negative opinion; gold 'neutral' questionable"
704,Beyonce ameachia albamu ya kusisimua ambayo imebeba maudhui yanayoendana na ya Disney inayoitwa The Lion King The Gift ambayo inapatikana ndani ya Boomplay Zaidi bofya,neutral,positive,0.28,label_noise,'Beyonce released an exciting (kusisimua) album... on Boomplay': promotional; positive vs neutral debatable
