experiment,split,accuracy,macro_precision,macro_recall,macro_f1,weighted_f1,f1_positive,f1_neutral,f1_negative,config,timestamp,macro_f1_std,n_seeds
B0 majority class,validation,0.5916,0.1972,0.3333,0.2478,0.4398,0.0,0.7434,0.0,"{""strategy"": ""most_frequent""}",2026-10-07T14:26:41,,
B0 majority class,test,0.5936,0.1979,0.3333,0.2483,0.4422,0.0,0.745,0.0,"{""strategy"": ""most_frequent""}",2026-10-07T14:26:41,,
B1 word TF-IDF + LogReg,validation,0.5563,0.4675,0.4278,0.438,0.5442,0.3926,0.675,0.2466,"{""features"": ""word tfidf"", ""ngram"": [1, 2], ""C"": 10.0, ""class_weight"": ""balanced"", ""preprocessing"": ""clean""}",2026-10-07T14:26:47,,
B1 word TF-IDF + LogReg,test,0.5882,0.5294,0.457,0.4741,0.5731,0.4326,0.694,0.2957,"{""features"": ""word tfidf"", ""ngram"": [1, 2], ""C"": 10.0, ""class_weight"": ""balanced"", ""preprocessing"": ""clean""}",2026-10-07T14:26:47,,
B1a word TF-IDF + LogReg (raw text),validation,0.5519,0.4628,0.4229,0.4332,0.5394,0.3792,0.6738,0.2466,"{""features"": ""word tfidf"", ""ngram"": [1, 2], ""C"": 10.0, ""class_weight"": ""balanced"", ""preprocessing"": ""raw""}",2026-10-07T14:26:48,,
B1a word TF-IDF + LogReg (raw text),test,0.5922,0.5414,0.4675,0.4865,0.5789,0.4398,0.6948,0.3248,"{""features"": ""word tfidf"", ""ngram"": [1, 2], ""C"": 10.0, ""class_weight"": ""balanced"", ""preprocessing"": ""raw""}",2026-10-07T14:26:48,,
B2 char TF-IDF + LogReg,validation,0.5541,0.4881,0.4954,0.4914,0.5569,0.4452,0.645,0.3838,"{""features"": ""char_wb 2-5 tfidf"", ""C"": 1.0, ""class_weight"": ""balanced"", ""preprocessing"": ""clean""}",2026-10-07T14:26:57,,
B2 char TF-IDF + LogReg,test,0.5348,0.4556,0.4568,0.4557,0.5375,0.4289,0.6344,0.3038,"{""features"": ""char_wb 2-5 tfidf"", ""C"": 1.0, ""class_weight"": ""balanced"", ""preprocessing"": ""clean""}",2026-10-07T14:26:57,,
B3 word+char TF-IDF + LogReg,validation,0.5519,0.4675,0.4391,0.4486,0.5443,0.4029,0.6643,0.2785,"{""features"": ""word + char_wb 2-5 tfidf"", ""C"": 1.0, ""class_weight"": ""balanced"", ""preprocessing"": ""clean""}",2026-10-07T14:27:00,,
B3 word+char TF-IDF + LogReg,test,0.5749,0.5028,0.4656,0.4776,0.5676,0.4489,0.6739,0.3101,"{""features"": ""word + char_wb 2-5 tfidf"", ""C"": 1.0, ""class_weight"": ""balanced"", ""preprocessing"": ""clean""}",2026-10-07T14:27:00,,
B1b word TF-IDF + LogReg (no class weight),validation,0.5629,0.4026,0.3692,0.355,0.5165,0.3291,0.6981,0.0377,"{""features"": ""word tfidf"", ""ngram"": [1, 2], ""C"": 10.0, ""class_weight"": null, ""preprocessing"": ""clean""}",2026-10-07T14:27:01,,
B1b word TF-IDF + LogReg (no class weight),test,0.5896,0.5505,0.3978,0.3931,0.5448,0.376,0.7115,0.092,"{""features"": ""word tfidf"", ""ngram"": [1, 2], ""C"": 10.0, ""class_weight"": null, ""preprocessing"": ""clean""}",2026-10-07T14:27:01,,
B2b char TF-IDF + LogReg (no class weight),validation,0.6049,0.3811,0.3741,0.3438,0.5249,0.2947,0.7365,0.0,"{""features"": ""char_wb 2-5 tfidf"", ""C"": 1.0, ""class_weight"": null, ""preprocessing"": ""clean""}",2026-10-07T14:27:03,,
B2b char TF-IDF + LogReg (no class weight),test,0.623,0.7376,0.3943,0.3752,0.5479,0.328,0.7489,0.0488,"{""features"": ""char_wb 2-5 tfidf"", ""C"": 1.0, ""class_weight"": null, ""preprocessing"": ""clean""}",2026-10-07T14:27:03,,
B4 word TF-IDF + Linear SVM,validation,0.5497,0.4552,0.4017,0.4109,0.5246,0.3184,0.6824,0.2319,"{""features"": ""word tfidf"", ""model"": ""LinearSVC"", ""C"": 0.5, ""class_weight"": ""balanced""}",2026-10-07T14:27:03,,
B4 word TF-IDF + Linear SVM,test,0.5829,0.5292,0.4278,0.4427,0.5558,0.381,0.6996,0.2476,"{""features"": ""word tfidf"", ""model"": ""LinearSVC"", ""C"": 0.5, ""class_weight"": ""balanced""}",2026-10-07T14:27:04,,
B5 word counts + Multinomial NB,validation,0.574,0.5541,0.4078,0.4156,0.5435,0.3715,0.6968,0.1786,"{""features"": ""word counts"", ""model"": ""MultinomialNB"", ""alpha"": 0.5}",2026-10-07T14:27:04,,
B5 word counts + Multinomial NB,test,0.6003,0.5539,0.4296,0.4346,0.5701,0.4439,0.7093,0.1505,"{""features"": ""word counts"", ""model"": ""MultinomialNB"", ""alpha"": 0.5}",2026-10-07T14:27:04,,
L1 BiLSTM random emb,validation,0.4989,0.4185,0.4201,0.4115,0.5012,0.4317,0.588,0.2148,"{""emb_dim"": 300, ""hidden"": 128, ""dropout"": 0.5, ""lr"": 0.001, ""batch_size"": 32, ""epochs"": 30, ""patience"": 5, ""pooling"": ""max"", ""embeddings"": ""random"", ""freeze_embeddings"": false, ""class_weight"": true}",2026-10-07T19:56:01,0.0081,3.0
L1 BiLSTM random emb,test,0.5218,0.442,0.4381,0.4334,0.5236,0.4442,0.6144,0.2415,"{""emb_dim"": 300, ""hidden"": 128, ""dropout"": 0.5, ""lr"": 0.001, ""batch_size"": 32, ""epochs"": 30, ""patience"": 5, ""pooling"": ""max"", ""embeddings"": ""random"", ""freeze_embeddings"": false, ""class_weight"": true}",2026-10-07T19:56:02,0.0205,3.0
L2 BiLSTM fastText frozen,validation,0.5143,0.4212,0.4189,0.4165,0.515,0.4153,0.6199,0.2141,"{""emb_dim"": 300, ""hidden"": 128, ""dropout"": 0.5, ""lr"": 0.001, ""batch_size"": 32, ""epochs"": 30, ""patience"": 5, ""pooling"": ""max"", ""embeddings"": ""fasttext"", ""freeze_embeddings"": true, ""class_weight"": true}",2026-10-07T20:00:18,0.0195,3.0
L2 BiLSTM fastText frozen,test,0.524,0.4502,0.4441,0.4436,0.5254,0.4032,0.6277,0.2998,"{""emb_dim"": 300, ""hidden"": 128, ""dropout"": 0.5, ""lr"": 0.001, ""batch_size"": 32, ""epochs"": 30, ""patience"": 5, ""pooling"": ""max"", ""embeddings"": ""fasttext"", ""freeze_embeddings"": true, ""class_weight"": true}",2026-10-07T20:00:18,0.0158,3.0
L3 BiLSTM fastText fine-tuned,validation,0.5305,0.4604,0.4495,0.4438,0.5258,0.3958,0.6321,0.3037,"{""emb_dim"": 300, ""hidden"": 128, ""dropout"": 0.5, ""lr"": 0.001, ""batch_size"": 32, ""epochs"": 30, ""patience"": 5, ""pooling"": ""max"", ""embeddings"": ""fasttext"", ""freeze_embeddings"": false, ""class_weight"": true}",2026-10-07T20:04:47,0.0005,3.0
L3 BiLSTM fastText fine-tuned,test,0.5446,0.4603,0.4496,0.4456,0.5388,0.4081,0.6518,0.2768,"{""emb_dim"": 300, ""hidden"": 128, ""dropout"": 0.5, ""lr"": 0.001, ""batch_size"": 32, ""epochs"": 30, ""patience"": 5, ""pooling"": ""max"", ""embeddings"": ""fasttext"", ""freeze_embeddings"": false, ""class_weight"": true}",2026-10-07T20:04:47,0.0081,3.0
L4 BiLSTM fastText fine-tuned + attention,validation,0.5173,0.4391,0.4424,0.4349,0.5187,0.4005,0.6213,0.2828,"{""emb_dim"": 300, ""hidden"": 128, ""dropout"": 0.5, ""lr"": 0.001, ""batch_size"": 32, ""epochs"": 30, ""patience"": 5, ""pooling"": ""attention"", ""embeddings"": ""fasttext"", ""freeze_embeddings"": false, ""class_weight"": true}",2026-10-07T20:08:12,0.0062,3.0
L4 BiLSTM fastText fine-tuned + attention,test,0.5365,0.4583,0.4632,0.4547,0.5373,0.4175,0.6391,0.3076,"{""emb_dim"": 300, ""hidden"": 128, ""dropout"": 0.5, ""lr"": 0.001, ""batch_size"": 32, ""epochs"": 30, ""patience"": 5, ""pooling"": ""attention"", ""embeddings"": ""fasttext"", ""freeze_embeddings"": false, ""class_weight"": true}",2026-10-07T20:08:12,0.0096,3.0
L5 L3 without class weights,validation,0.5166,0.4729,0.422,0.436,0.5125,0.3522,0.6273,0.3286,"{""emb_dim"": 300, ""hidden"": 128, ""dropout"": 0.5, ""lr"": 0.001, ""batch_size"": 32, ""epochs"": 30, ""patience"": 5, ""pooling"": ""max"", ""embeddings"": ""fasttext"", ""freeze_embeddings"": false, ""class_weight"": false}",2026-10-07T20:15:24,0.0149,3.0
L5 L3 without class weights,test,0.5374,0.4546,0.4208,0.4259,0.5306,0.4106,0.6471,0.2198,"{""emb_dim"": 300, ""hidden"": 128, ""dropout"": 0.5, ""lr"": 0.001, ""batch_size"": 32, ""epochs"": 30, ""patience"": 5, ""pooling"": ""max"", ""embeddings"": ""fasttext"", ""freeze_embeddings"": false, ""class_weight"": false}",2026-10-07T20:15:24,0.0183,3.0
